ObjectID,AphiaID,RACEcode,FRAMcode,SWFSCcode,Kingdom,Phylum,Subphylum,Class,Subclass,Order,Family,Genus,Species,AUV_OTU,common_name,common_name_authority,AUV_nickname,morpho_type_descriptor,also_called_historically_3,12RB_button,Group1,Group2,Activation_date,Deactivation_date
1,558,91000,,727,Animalia,Porifera,,,,,,,,,unidentified sponge,AP,,,,sponge UNID,,,,
2,558,,,,Animalia,Porifera,,,,,,,,,dead sponge,AP,,,,dead sponge,,,,
3,614811,91996,,,Animalia,Porifera,,,,,,,,,UNID encrusting,,,,,UNID encrusting,,,,
4,614811,,,,Animalia,Porifera,,,,,,,,34,UNID massive,,,,,UNID massive,,,,
5,614811,,,606,Animalia,Porifera,,,,,,,,,UNID mound,,,,,UNID mound,,,,
6,614811,,,610,Animalia,Porifera,,,,,,,,35,UNID branching,,,,,UNID branching,,,,
7,22612,,,602,Animalia,Porifera,,,,,,,,,UNID barrel,,,,,UNID barrel,,,,
8,558,,,,Animalia,Porifera,,,,,,,,,UNID tiny barrel,,,,,UNID tiny barrel,,,,
9,614811,,,603,Animalia,Porifera,,,,,,,,,UNID shelf,,,,,UNID shelf,,,,
10,614811,91997,,,Animalia,Porifera,,,,,,,,,UNID globular,,,,,UNID globular,,,,
11,558,,,628,Animalia,Porifera,,,,,,,,36,UNID pipe organ,,,,Unidentified pipe organ sponge (Oceanapia spp.?) ,UNID pipe organ,,,,
12,558,,,,Animalia,Porifera,,,,,,,,37,UNID stalked,,,,,UNID stalked,,,,
13,558,91005,,604,Animalia,Porifera,,,,,,,,,UNID vase,,,,,UNID vase,,,,
14,558,,,600,Animalia,Porifera,,,,,,,,,UNID foliose,,,,,UNID foliose,,,,
15,558,91998,,,Animalia,Porifera,,,,,,,,,UNID tubular,,,,,UNID tubular,,,,
16,614811,91010,,,Animalia,Porifera,,Demospongiae,,,,,,,unidentified demosponge,AP,,,,demosponge UNID,,,,
17,167337,,,,Animalia,Porifera,,Demospongiae,Heteroscleromorpha,Poecilosclerida,Acarnidae,Acarnus,,5,orange Acarnus ,AP,,,,Acarnus sp.1 orange,,,,
18,131893,,,625,Animalia,Porifera,,Demospongiae,Heteroscleromorpha,Poecilosclerida,Cladorhizidae,Asbestopluma,,7,carnivorous sponge,,Asbestopluma stick,,pipe cleaner sponge,Asbestopluma sp.2 stick,,,,
19,131893,,,634,Animalia,Porifera,,Demospongiae,Heteroscleromorpha,Poecilosclerida,Cladorhizidae,Asbestopluma,,8,lobed carnivorous sponge,,Asbestopluma leaf,,palm frond sponge,Asbestopluma sp.1 leaf,,,,
20,,91249,,,Animalia,Porifera,,Demospongiae,Heteroscleromorpha,Poecilosclerida,Cladorhizidae,,,,,,,,,,,,,
21,132038,91225,,,Animalia,Porifera,,Demospongiae,Heteroscleromorpha,Poecilosclerida,Latrunculiidae,Latrunculia,,13,green deathstar sponge,SWFSC,,,,Latrunculia spp.,,,,
22,131907,91039,,630,Animalia,Porifera,,Demospongiae,Heteroscleromorpha,Poecilosclerida,Mycalidae,Mycale,,,,,upright flat sponge (yellow),,,Mycale spp.,,,,
23,131907,91039,,630,Animalia,Porifera,,Demospongiae,Heteroscleromorpha,Poecilosclerida,Mycalidae,Mycale,,9,,,Yellow mycale,,,Mycale sp. 1,,,,
24,170268,,,640,Animalia,Porifera,,Demospongiae,Heteroscleromorpha,Tetractinellida,Vulcanellidae,Poecillastra,tenuilaminaris,4,thin-sliced horny sponge,WPD,dark edge shelf sponge,,shelf sponge,Poecillastra tenuilaminaris,,,,
25,,91074,,639,Animalia,Porifera,,Demospongiae,Heteroscleromorpha,Polymastiida,Polymastiidae,Polymastia,,,,,,,nipple foliose sponge,,,,,
26,132046,91074,,,Animalia,Porifera,,Demospongiae,Heteroscleromorpha,Polymastiida,Polymastiidae,Polymastia,sp.A,,,,,,,Polymastia sp A,,,,Don't use. Go for Polymastia spp. instead.
27,132046,91074,,,Animalia,Porifera,,Demospongiae,Heteroscleromorpha,Polymastiida,Polymastiidae,Polymastia,sp.B,,,,,,,Polymastia sp B,,,,Don't use. This is likely Thenea sp.
,,,,701,Animalia,Porifera,,Demospongiae,Heteroscleromorpha,Polymastiida,Polymastiidae,Polymastia,pacifica,,,,,,,,,,,
28,614811,,,632,Animalia,Porifera,,Demospongiae,,,,,,12,Swiss cheese sponge,SWFSC,,,Unidentified sponges (blue/white) ,,,,,
29,170824,,,637,Animalia,Porifera,,Demospongiae,Heteroscleromorpha,Suberitida,Suberitidae,Rhizaxinella,gadus,11,club branching sponge,SWFSC,,,,Rhizaxinella gadus,,,,
30,132019,,,635,Animalia,Porifera,,Demospongiae,Heteroscleromorpha,Tetractinellida,Theneidae,Thenea,,10,pineapple sponge,SWFSC,dirty monk,,"Thenea muricata, Polymastia sp B",Thenea muricata,,,,
31,614811,,,,Animalia,Porifera,,Demospongiae,,,,,,14,,AP,,,,DB sp.3 potato,,,,
32,614811,,,,Animalia,Porifera,,Demospongiae,,,,,,15,,AP,,,,CB sp.4 beige cushion,,,,
33,,,,,Animalia,Porifera,,Demospongiae,,,,,,16,,,,,,Grays wh lumpy encru,,,,
34,614811,,,,Animalia,Porifera,,Demospongiae,,,,,,17,,AP,,,,CB sp.5 wh lump encru,,,,
35,614811,,,,Animalia,Porifera,,Demospongiae,,,,,,18,,AP,,,,CB sp.6 wh branching,,,,
36,614811,,,,Animalia,Porifera,,Demospongiae,,,,,,19,,AP,,,,SL white Mycale,,,,
37,614811,,,,Animalia,Porifera,,Demospongiae,,,,,,20,,AP,,,,SL sp.7 crumpet,,,,
38,614811,,,,Animalia,Porifera,,Demospongiae,,,,,,21,,AP,,,,SL sp.8 golfball,,,,
39,614811,,,,Animalia,Porifera,,Demospongiae,,,,,,22,,AP,,,,SL sp.9 cauliflower,,,,
40,614811,,,,Animalia,Porifera,,Demospongiae,,,,,,23,,AP,,,,SL sp.10 grey foamy encr,,,,
41,614811,,,,Animalia,Porifera,,Demospongiae,,,,,,24,,AP,,,,SL sp.11 webby tubes,,,,
,614811,,,,Animalia,Porifera,,Demospongiae,,,,,,25,,AP,,,,SL sp.12 holey fan,,,,
,614811,,,,Animalia,Porifera,,Demospongiae,,,,,,26,,AP,,,,SL sp.14 white crust,,,,
,,,,,Animalia,Porifera,,,,,,,,27,,EF,silver ooze sponge MBNMS,,,,,,,
,,,,,Animalia,Porifera,,,,,,,,28,,EF,pink fuzzy encrust MBNMS,,,,,,,
,22612,91700,,,Animalia,Porifera,,Hexactinellida,,,,,,,unidentified glass sponge,AP,,,,glass sponge UNID,,,,
,171632,91030,,,Animalia,Porifera,,Hexactinellida,Hexasterophora,Sceptrulophora,Aphrocallistidae,Aphrocallistes,vastus,1,cloud glass sponge,WPD,cloud sponge,,,Aphrocallistes vastus,,,,
,134391,91722,,626,Animalia,Porifera,,Hexactinellida,Hexasterophora,Sceptrulophora,Farreidae,Farrea,occa,,reversed glass sponge,WPD,cloud sponge,,Lace (or cloud) foliose sponge ,Farrea occa,,,,
,132107,91720,,,Animalia,Porifera,,Hexactinellida,Hexasterophora,Sceptrulophora,Farreidae,Farrea,,,reversed glass sponge,WPD,cloud sponge,,,Farrea spp.,,,,
,171636,91035,191035,624,Animalia,Porifera,,Hexactinellida,Hexasterophora,Sceptrulophora,Aphrocallistidae,Heterochone,calyx,2,fingered goblet vase sponge,WPD,,,Vase sponge,Heterochone calyx,,,,
,171634,,,,Animalia,Porifera,,Hexactinellida,Hexasterophora,Sceptrulophora,Aphrocallistidae,Heterochone,,,,,,,Vase sponge,Heterochone spp.,,,,
,574368,91053,,641,Animalia,Porifera,,Hexactinellida,Hexasterophora,Lyssacinosida,Rossellidae,Rhabdocalyptus,dawsoni,,sharp-lipped glass sponge,WPD,brown barrel,,,Rhabdocalyptus dawsoni,,,,
,464585,91701,192000,627,Animalia,Porifera,,Hexactinellida,Hexasterophora,Lyssacinosida,Rossellidae,Staurocalyptus,,29,Picasso sponge ,SWFSC,yellow Staurocalyptus,,,Staurocalyptus spp.(yell),,,,
,464585,91701,192000,838,Animalia,Porifera,,Hexactinellida,Hexasterophora,Lyssacinosida,Rossellidae,Staurocalyptus,,30,white Staurocalyptus,,white Staurocalyptus,,,Staurocalyptus spp.(wh),,,,
,,,,,Animalia,Porifera,,Hexactinellida,Hexasterophora,Lyssacinosida,,,,3,Unknown Lyssacine sponges,AP,barrels,,,,,,,
,171834,,,,Animalia,Porifera,,Hexactinellida,Hexasterophora,Lyssacinosida,,,,31,,AP,Daisy dirty barrel,,,DB grp.1 dirty barrel,,,,
,171834,,,,Animalia,Porifera,,Hexactinellida,Hexasterophora,Lyssacinosida,,,,32,,AP,Daisy white frilly vase,,,DB grp.2 white vase,,,,
,22612,,,,Animalia,Porifera,,Hexactinellida,,,,,,,,AP,,,,SL sp.13 lumpy barrel,,,,
,132096,91070,,,Animalia,Porifera,,Hexactinellida,Amphidiscophora,Amphidiscosida,Hyalonematidae,Hyalonema,,,,,,,,,,,,
,,,,,Animalia,Porifera,,,,,Latrunculiidae,,,33,,,red deathstar sponge,,,,,,,
,,,,,Animalia,Porifera,,,,,,,,,,,yellow sponge #1 (from MBNMS report),,,,,,,
,,,,,Animalia,Porifera,,,,,,,,,,,palm frond,could be asbesto 'leaf',,,,,,don't use
,,,,,Animalia,Porifera,,,,,,,,,,,Gray lobed sponge #1,,,,,,,
,,,,,Animalia,Porifera,,,,,,,,,,,Purple sponge #1,,,,,,,
,,,,,Animalia,Porifera,,,,,,,,,,,,,Unidentified upright flat sponges,,,,,
,,91213,,636,Animalia,Porifera,,,,,,Stylocordyla,,,,,,,,,,,,
,,,,724,Animalia,Porifera,,,,,,Spheciospongia,confoederata,,gray moon sponge (SWFSC),SWFSC,,,,,,,,
,,,,818,Animalia,Porifera,,,,,,Tentorium,,,SWFSC,SWFSC,,,,,,,,
,,,,642,Animalia,Porifera,,,,,,Xestospongia,,,grey lobe sponge (SWFSC),SWFSC,,,,,,,,
,,,,609,Animalia,Cnidaria,,Anthozoa,Hexacorallia,Antipatharia,Antipathidae,Antipathes,dendrochristos,,Christmas Tree black coral,,,,,Antipathes spp.,,,,
,,41526,,741,Animalia,Cnidaria,,Anthozoa,Hexacorallia,Antipatharia,Antipathidae,Antipathes,,,,,,,,,,,,
,,,,,Animalia,Cnidaria,,Anthozoa,Hexacorallia,Antipatharia,Antipathidae,Stichopathes,,,,,,,,,,,,
,,41530,,,Animalia,Cnidaria,,Anthozoa,Hexacorallia,Antipatharia,Cladopathidae,Chrysopathes,speciosa,,black tree coral,,,,,Chrysopathes spp.,,,,
,,41531,141535,,Animalia,Cnidaria,,Anthozoa,Hexacorallia,Antipatharia,Cladopathidae,Chrysopathes,,,,,,,,,,,,
,,,,,Animalia,Cnidaria,,Anthozoa,Hexacorallia,Antipatharia,Cladopathidae,Heteropathes,,,,,,,,,,,,
,,,,,Animalia,Cnidaria,,Anthozoa,Hexacorallia,Antipatharia,Cladopathidae,Trissopathes,pseudotristicha,,black coral,,,,,Trissopathes spp.,,,,
,,,,,Animalia,Cnidaria,,Anthozoa,Hexacorallia,Antipatharia,Cladopathidae,Trissopathes,,,,,,,,,,,,
,,,,,Animalia,Cnidaria,,Anthozoa,Hexacorallia,Antipatharia,Schizopathidae,Alternatipathes,alternata,,,,,,,,,,,
,,,,,Animalia,Cnidaria,,Anthozoa,Hexacorallia,Antipatharia,Schizopathidae,Alternatipathes,bipinnata,,,,,,,,,,,
,,,,,Animalia,Cnidaria,,Anthozoa,Hexacorallia,Antipatharia,Schizopathidae,Alternatipathes,,,,,,,,,,,,
,,41541,,,Animalia,Cnidaria,,Anthozoa,Hexacorallia,Antipatharia,Schizopathidae,Bathypathes,patula,,Feather black coral,,,,,Bathypathes spp.,,,,
,,41540,,841,Animalia,Cnidaria,,Anthozoa,Hexacorallia,Antipatharia,Schizopathidae,Bathypathes,,,,,,,,,,,,
,,,,,Animalia,Cnidaria,,Anthozoa,Hexacorallia,Antipatharia,Schizopathidae,Lillipathes,quadribrachiata,,,,,,,,,,,
,,,,,Animalia,Cnidaria,,Anthozoa,Hexacorallia,Antipatharia,Schizopathidae,Lillipathes,wingi,,,,,,,,,,,
,,,,745,Animalia,Cnidaria,,Anthozoa,Hexacorallia,Antipatharia,Schizopathidae,Lillipathes,,,Lillie's Black coral,,,,,Lillipathes spp.,,,,
,,41550,,,Animalia,Cnidaria,,Anthozoa,Hexacorallia,Antipatharia,Schizopathidae,Parantipathes,,,,,,,,,,,,
,,,,746,Animalia,Cnidaria,,Anthozoa,Hexacorallia,Antipatharia,Schizopathidae,Umbellapathes,,,,,,,,,,,,
,,41525,,744,Animalia,Cnidaria,,Anthozoa,Hexacorallia,Antipatharia,,,,,Unidentified black coral,,Unknown black coral,,,Unknown black coral,,,,
,,44022,,,Animalia,Cnidaria,,Anthozoa,Hexacorallia,Scleractinia,Caryophilliidae,Caryophyllia,arnoldi,,,,,,,,,,,
,,,,,Animalia,Cnidaria,,Anthozoa,Hexacorallia,Scleractinia,Caryophilliidae,Caryophyllia,diomedeae,,,,,,,,,,,
,,,,,Animalia,Cnidaria,,Anthozoa,Hexacorallia,Scleractinia,Caryophilliidae,Caryophyllia,quadragenaria,,,,,,,,,,,
,,44020,,,Animalia,Cnidaria,,Anthozoa,Hexacorallia,Scleractinia,Caryophilliidae,Caryophyllia,,,,,,,,,,,,
,,,,,Animalia,Cnidaria,,Anthozoa,Hexacorallia,Scleractinia,Caryophilliidae,Coenocyathus,bowersi,,,,,,,,,,,
,,44019,,,Animalia,Cnidaria,,Anthozoa,Hexacorallia,Scleractinia,Caryophilliidae,Crispatotrochus,foxi,,,,,,,,,,,
,,44017,,801,Animalia,Cnidaria,,Anthozoa,Hexacorallia,Scleractinia,Caryophilliidae,Desmophyllum,dianthus,,Giant trumpet coral,,,,,Desmophyllum dianthus,,,,
,,,,,Animalia,Cnidaria,,Anthozoa,Hexacorallia,Scleractinia,Caryophilliidae,Labyrinthocyathus,quaylei,,,,,,,,,,,
,,,144001,711,Animalia,Cnidaria,,Anthozoa,Hexacorallia,Scleractinia,Caryophilliidae,Lophelia,pertusa,,Aggregating coral,,,,,Lophelia pertusa,,,,
,,,,,Animalia,Cnidaria,,Anthozoa,Hexacorallia,Scleractinia,Caryophilliidae,Nomlandia,californica,,,,,,,,,,,
,,,,,Animalia,Cnidaria,,Anthozoa,Hexacorallia,Scleractinia,Caryophilliidae,Paracyathus,montereyensis,,,,,,,,,,,
,,,,,Animalia,Cnidaria,,Anthozoa,Hexacorallia,Scleractinia,Caryophilliidae,Paracyathus,stearnsii,,,,,,,,,,,
,,,,,Animalia,Cnidaria,,Anthozoa,Hexacorallia,Scleractinia,Caryophilliidae,Paracyathus,,,,,,,,,,,,
,,44020,,,Animalia,Cnidaria,,Anthozoa,Hexacorallia,Scleractinia,Caryophilliidae,,,,Unidentified cup coral,,Unknown cup coral,,,Unknown cup coral,,,,
,,,,,Animalia,Cnidaria,,Anthozoa,Hexacorallia,Scleractinia,Dendrophylliidae,Balanophyllia,elegans,,,,,,,,,,,
,,,,,Animalia,Cnidaria,,Anthozoa,Hexacorallia,Scleractinia,Dendrophylliidae,Dendrophyllia,oldroydae,,,,,,,,,,,
,,,,,Animalia,Cnidaria,,Anthozoa,Hexacorallia,Scleractinia,Flabellidae,Javania,californica,,,,,,,,,,,
,,,,,Animalia,Cnidaria,,Anthozoa,Hexacorallia,Scleractinia,Flabellidae,Polymyces,montereyensis,,,,,,,,,,,
,,,,,Animalia,Cnidaria,,Anthozoa,Hexacorallia,Scleractinia,Fungiacyathidae,Fungiacyathus,marenzelleri,,,,,,,,,,,
,,,,,Animalia,Cnidaria,,Anthozoa,Hexacorallia,Scleractinia,Micrabaciidae,Leptopenus,discus,,,,,,,,,,,
,,,,,Animalia,Cnidaria,,Anthozoa,Hexacorallia,Scleractinia,Micrabaciidae,Leptopenus,hypocoelus,,,,,,,,,,,
,,,,,Animalia,Cnidaria,,Anthozoa,Hexacorallia,Scleractinia,Micrabaciidae,Leptopenus,,,,,,,,,,,,
,,,,,Animalia,Cnidaria,,Anthozoa,Hexacorallia,Scleractinia,Oculinidae,Madrepora,oculata,,,,,,,,,,,
,,,,,Animalia,Cnidaria,,Anthozoa,Hexacorallia,Scleractinia,Oculinidae,Oculina,profunda,,,,,,,,,,,
,,,,800,Animalia,Cnidaria,,Anthozoa,Hexacorallia,,,,,,Unidentified zooanthid,,Unknown zooanthid,,,Unknown zooanthid,,,,
,,,,,Animalia,Cnidaria,,Anthozoa,Octocorallia,Alcyonacea,Acanthogorgiidae,Acanthogorgia,gracillima,,,,,,,,,,,
,,44100,,810,Animalia,Cnidaria,,Anthozoa,Octocorallia,Alcyonacea,Acanthogorgiidae,Acanthogorgia,,,Gold coral,,,,,,,,,
,,,,,Animalia,Cnidaria,,Anthozoa,Octocorallia,Alcyonacea,Acanthogorgiidae,Calcigorgia,japonica,,,,,,,,,,,
,,41701,,,Animalia,Cnidaria,,Anthozoa,Octocorallia,Alcyonacea,Acanthogorgiidae,Calcigorgia,spiculifera,,,,,,,,,,,
,,41700,,,Animalia,Cnidaria,,Anthozoa,Octocorallia,Alcyonacea,Acanthogorgiidae,Calcigorgia,,,pink (white) sea fan,,,,,,,,,
,,,,,Animalia,Cnidaria,,Anthozoa,Octocorallia,Alcyonacea,Acanthogorgiidae,Muricella,complanata,,,,,,,,,,,
,,44116,,,Animalia,Cnidaria,,Anthozoa,Octocorallia,Alcyonacea,Acanthogorgiidae,,,,,,,,,,,,,
,,,,,Animalia,Cnidaria,,Anthozoa,Octocorallia,Alcyonacea,Alcyoniidae,Bathyalcyon,robustum,,,,,,,,,,,
,,,,,Animalia,Cnidaria,,Anthozoa,Octocorallia,Alcyonacea,Alcyoniidae,Eleutherobia,rubra,,,,,,,,,,,
,,,141334,207,Animalia,Cnidaria,,Anthozoa,Octocorallia,Alcyonacea,Alcyoniidae,Heteropolypus,ritteri,,Mushroom coral,,,Anthomastus ritteri,,Heteropolypus ritteri,,,,
,,,,,Animalia,Cnidaria,,Anthozoa,Octocorallia,Alcyonacea,Anthothelidae,Anthothela,pacifica,,,,,,,,,,,
,,,,,Animalia,Cnidaria,,Anthozoa,Octocorallia,Alcyonacea,Chrysogorgidae,Chrysogorgia,monticola,,,,,,,,,,,
,,,,756,Animalia,Cnidaria,,Anthozoa,Octocorallia,Alcyonacea,Chrysogorgidae,Chrysogorgia,pinnata,,,,,,,,,,,
,,,,,Animalia,Cnidaria,,Anthozoa,Octocorallia,Alcyonacea,Chrysogorgidae,Chrysogorgia,,,,,,,,,,,,
,,,,,Animalia,Cnidaria,,Anthozoa,Octocorallia,Alcyonacea,Chrysogorgidae,Iridogorgia,,,,,,,,,,,,
,,,,,Animalia,Cnidaria,,Anthozoa,Octocorallia,Alcyonacea,Chrysogorgidae,Radicipes,stonei,,,,,,,,,,,
,,,,,Animalia,Cnidaria,,Anthozoa,Octocorallia,Alcyonacea,Clavulariidae,Clavularia,grandiflora,,,,,,,,,,,
,,,,,Animalia,Cnidaria,,Anthozoa,Octocorallia,Alcyonacea,Clavulariidae,Clavularia,sp. A,,,,,,,,,,,
,,,,,Animalia,Cnidaria,,Anthozoa,Octocorallia,Alcyonacea,Clavulariidae,Clavularia,sp. H,,,,,,,,,,,
,,41750,,803,Animalia,Cnidaria,,Anthozoa,Octocorallia,Alcyonacea,Clavulariidae,Clavularia,,,Colonial soft coral,,,,,,,,,
,,,,,Animalia,Cnidaria,,Anthozoa,Octocorallia,Alcyonacea,Clavulariidae,Telesto,californica,,,,,,,,,,,
,,,,,Animalia,Cnidaria,,Anthozoa,Octocorallia,Alcyonacea,Clavulariidae,Telesto,nuttingi,,,,,,,,,,,
,,,,,Animalia,Cnidaria,,Anthozoa,Octocorallia,Alcyonacea,Clavulariidae,Telestula,ambigua,,,,,,,,,,,
,,,,,Animalia,Cnidaria,,Anthozoa,Octocorallia,Alcyonacea,Coralliidae,Coralliidae,,,,,,,,,,,,
,,,,,Animalia,Cnidaria,,Anthozoa,Octocorallia,Alcyonacea,Coralliidae,Hemicorallium,regale,,,,,,,,,,,
,,,144105,843,Animalia,Cnidaria,,Anthozoa,Octocorallia,Alcyonacea,Gorgoniidae,Adelogorgia,phyllosclera,,,,,,,,,,,
,,,,,Animalia,Cnidaria,,Anthozoa,Octocorallia,Alcyonacea,Gorgoniidae,Eugorgia,daniana,,,,,,,,,,,
,,,,,Animalia,Cnidaria,,Anthozoa,Octocorallia,Alcyonacea,Gorgoniidae,Eugorgia,ljubenkovia,,,,,,,,,,,
,,,144110,714,Animalia,Cnidaria,,Anthozoa,Octocorallia,Alcyonacea,Gorgoniidae,Eugorgia,rubens,,,,,,,,,,,
,,,,,Animalia,Cnidaria,,Anthozoa,Octocorallia,Alcyonacea,Gorgoniidae,Eugorgia,,,,,,,,,,,,
,,,144115,715,Animalia,Cnidaria,,Anthozoa,Octocorallia,Alcyonacea,Gorgoniidae,Leptogorgia,chiliensis,,,,,,,,,,,
,,,,,Animalia,Cnidaria,,Anthozoa,Octocorallia,Alcyonacea,Gorgoniidae,Leptogorgia,filicrispa,,,,,,,,,,,
,,,,,Animalia,Cnidaria,,Anthozoa,Octocorallia,Alcyonacea,Gorgoniidae,Leptogorgia,sp. A,,,,,,,,,,,
,,,,,Animalia,Cnidaria,,Anthozoa,Octocorallia,Alcyonacea,Gorgoniidae,Leptogorgia,,,,,,,,,,,,
,,41500,,,Animalia,Cnidaria,,Anthozoa,Octocorallia,Alcyonacea,Gorgoniidae,,,,Unknown Gorgonian,,,,,Unknown gorgonian,,,,
,,,,748,Animalia,Cnidaria,,Anthozoa,Octocorallia,Alcyonacea,Isididae,Acanella,,,,,,,,,,,,
,,,,,Animalia,Cnidaria,,Anthozoa,Octocorallia,Alcyonacea,Isididae,Bathygorgia,profunda,,,,,,,,,,,
,,44065,,839,Animalia,Cnidaria,,Anthozoa,Octocorallia,Alcyonacea,Isididae,Isidella,tentaculum,,Articulated Bamboo coral,,,,,Isidella spp.,,,,
,,,,,Animalia,Cnidaria,,Anthozoa,Octocorallia,Alcyonacea,Isididae,Keratoisis,flabellum,,,,,,,,,,,
,,,,,Animalia,Cnidaria,,Anthozoa,Octocorallia,Alcyonacea,Isididae,Keratoisis,philippinensis,,,,,,,,,,,
,,44088,,845,Animalia,Cnidaria,,Anthozoa,Octocorallia,Alcyonacea,Isididae,Keratoisis,,,Forked Bamboo coral,,,,,Keratoisis spp.,,,,
,,44110,,847,Animalia,Cnidaria,,Anthozoa,Octocorallia,Alcyonacea,Isididae,Lepidisis,,,Unbranching Bamboo coral,,,,,Lepidisis spp.,,,,
,,44084,144084,840,Animalia,Cnidaria,,Anthozoa,Octocorallia,Alcyonacea,Isididae,,,,Unknown bamboo coral,,,,,,,,,
,,,,,Animalia,Cnidaria,,Anthozoa,Octocorallia,Alcyonacea,Nephtheidae,Gersemia,juliapackardi,,Soft Coral,,,,,Gersemia juliapackardi,,,,
,,41221,,,Animalia,Cnidaria,,Anthozoa,Octocorallia,Alcyonacea,Nephtheidae,Gersemia,rubiformes,,,,,,,,,,,
,,41201,,743,Animalia,Cnidaria,,Anthozoa,Octocorallia,Alcyonacea,Nephtheidae,Gersemia,,,,,,,,,,,,
,,,,,Animalia,Cnidaria,,Anthozoa,Octocorallia,Alcyonacea,Nephtheidae,Neospongodes,,,,,,,,,,,,
,,41583,,616,Animalia,Cnidaria,,Anthozoa,Octocorallia,Alcyonacea,Paragorgiidae,Paragorgia,pacifica,,,,,,Paragorgia arborea,,,,,
,,,,,Animalia,Cnidaria,,Anthozoa,Octocorallia,Alcyonacea,Paragorgiidae,Paragorgia,regalis,,,,,,,,,,,
,,,,815,Animalia,Cnidaria,,Anthozoa,Octocorallia,Alcyonacea,Paragorgiidae,Paragorgia,stephencairnsi,,,,,,,,,,,
,,,,,Animalia,Cnidaria,,Anthozoa,Octocorallia,Alcyonacea,Paragorgiidae,Paragorgia,yutlinux,,,,,,,,,,,
,,,,,Animalia,Cnidaria,,Anthozoa,Octocorallia,Alcyonacea,Paragorgiidae,Paragorgia,,,Bubblegum coral,,,,,Paragorgia spp.,,,,
,,,,,Animalia,Cnidaria,,Anthozoa,Octocorallia,Alcyonacea,Paragorgiidae,Sibogagorgia,californica,,,,,,,,,,,
,,,,,Animalia,Cnidaria,,Anthozoa,Octocorallia,Alcyonacea,Paragorgiidae,Sibogagorgia,cauliflora,,,,,,,,,,,
,,,,,Animalia,Cnidaria,,Anthozoa,Octocorallia,Alcyonacea,Paragorgiidae,Sibogagorgia,,,,,,,,,,,,
,,,,846,Animalia,Cnidaria,,Anthozoa,Octocorallia,Alcyonacea,Plexauridae,Chromoplexaura,cordellbankensis,,,,,,,,,,,
,,,,836,Animalia,Cnidaria,,Anthozoa,Octocorallia,Alcyonacea,Plexauridae,Chromoplexaura,marki,,,,,,,,,,,
,,,,,Animalia,Cnidaria,,Anthozoa,Octocorallia,Alcyonacea,Plexauridae,Chromoplexaura,,,,,,,,,,,,
,,,,,Animalia,Cnidaria,,Anthozoa,Octocorallia,Alcyonacea,Plexauridae,Heterogorgia,tortuosa,,,,,,,,,,,
,,,,842,Animalia,Cnidaria,,Anthozoa,Octocorallia,Alcyonacea,Plexauridae,Placogorgia,sp. A,,,,,,,,,,,
,,,,,Animalia,Cnidaria,,Anthozoa,Octocorallia,Alcyonacea,Plexauridae,Psammogorgia,arbuscula,,,,,,,,,,,
,,,,755,Animalia,Cnidaria,,Anthozoa,Octocorallia,Alcyonacea,Plexauridae,Swiftia,farallonesica,,,,,,,,,,,
,,,,,Animalia,Cnidaria,,Anthozoa,Octocorallia,Alcyonacea,Plexauridae,Swiftia,kofoidi,,,,,,,,,,,
,,41571,,812,Animalia,Cnidaria,,Anthozoa,Octocorallia,Alcyonacea,Plexauridae,Swiftia,pacifica,,Sea fan,,,,,,,,,
,,,,,Animalia,Cnidaria,,Anthozoa,Octocorallia,Alcyonacea,Plexauridae,Swiftia,pusilla,,,,,,,,,,,
,,41572,,,Animalia,Cnidaria,,Anthozoa,Octocorallia,Alcyonacea,Plexauridae,Swiftia,simplex,,,,,,,,,,,
,,,,,Animalia,Cnidaria,,Anthozoa,Octocorallia,Alcyonacea,Plexauridae,Swiftia,spauldingi,,Sea fan,,,,,,,,,
,,,,,Animalia,Cnidaria,,Anthozoa,Octocorallia,Alcyonacea,Plexauridae,Swiftia,torreyi,,,,,,,,,,,
,,41570,,805,Animalia,Cnidaria,,Anthozoa,Octocorallia,Alcyonacea,Plexauridae,Swiftia,,,Sea fan,,,,,,,,,
,,,,,Animalia,Cnidaria,,Anthozoa,Octocorallia,Alcyonacea,Plexauridae,Thesea,sp. B,,,,,,,,,,,
,,,,,Animalia,Cnidaria,,Anthozoa,Octocorallia,Alcyonacea,Plexauridae,Thesea,variablis,,,,,,,,,,,
,,41584,,,Animalia,Cnidaria,,Anthozoa,Octocorallia,Alcyonacea,Plexauridae,,,,Unknown Plexuridae,,,,,,,,,
,,,,719,Animalia,Cnidaria,,Anthozoa,Octocorallia,Alcyonacea,Plexuridae,Muricea,californica,,,,,,CA Golden Coral,,,,,
,,,,719,Animalia,Cnidaria,,Anthozoa,Octocorallia,Alcyonacea,Plexuridae,Muricea,fruticosa,,,,,,Brown Gorgonian,,,,,
,,41601,141601,,Animalia,Cnidaria,,Anthozoa,Octocorallia,Alcyonacea,Primnoidae,Callogorgia,kinoshitae,,Golden coral,,,,,,,,,
,,,,,Animalia,Cnidaria,,Anthozoa,Octocorallia,Alcyonacea,Primnoidae,Calyptrophora,,,,,,,,,,,,
,,,,,Animalia,Cnidaria,,Anthozoa,Octocorallia,Alcyonacea,Primnoidae,Narella,alaskensis,,,,,,,,,,,
,,,,,Animalia,Cnidaria,,Anthozoa,Octocorallia,Alcyonacea,Primnoidae,Narella,bowersi,,,,,,,,,,,
,,,,,Animalia,Cnidaria,,Anthozoa,Octocorallia,Alcyonacea,Primnoidae,Narella,,,,,,,,,,,,
,,,,,Animalia,Cnidaria,,Anthozoa,Octocorallia,Alcyonacea,Primnoidae,Parastenella,doederleini,,,,,,,,,,,
,,,,,Animalia,Cnidaria,,Anthozoa,Octocorallia,Alcyonacea,Primnoidae,Parastenella,gymnogaster,,,,,,,,,,,
,,,,,Animalia,Cnidaria,,Anthozoa,Octocorallia,Alcyonacea,Primnoidae,Parastenella,pacifica,,,,,,,,,,,
,,,,807,Animalia,Cnidaria,,Anthozoa,Octocorallia,Alcyonacea,Primnoidae,Parastenella,ramosa,,,,,,,,,,,
,,41605,,,Animalia,Cnidaria,,Anthozoa,Octocorallia,Alcyonacea,Primnoidae,Parastenella,,,White fan primnoid,,,,,,,,,
,,,,806,Animalia,Cnidaria,,Anthozoa,Octocorallia,Alcyonacea,Primnoidae,Plumarella,longispina,,Sea fan,,,,,,,,,
,,44083,,,Animalia,Cnidaria,,Anthozoa,Octocorallia,Alcyonacea,Primnoidae,Plumarella,,,,,,,,,,,,
,,41521,,753,Animalia,Cnidaria,,Anthozoa,Octocorallia,Alcyonacea,Primnoidae,Primnoa,pacifica,,,,,,,,,,,
,,41520,,,Animalia,Cnidaria,,Anthozoa,Octocorallia,Alcyonacea,Primnoidae,Primnoa,,,,,,,,,,,,
,,,,,Animalia,Cnidaria,,Anthozoa,Octocorallia,Alcyonacea,Primnoidae,Thouarella,,,,,,,,,,,,
,,41519,,,Animalia,Cnidaria,,Anthozoa,Octocorallia,Alcyonacea,Primnoidae,,,,Unidentified primnoid,,Unknown primnoid,,,,,,,
,,,,,Animalia,Cnidaria,,Anthozoa,Octocorallia,Alcyonacea,Victorgorgiidae,Victorgorgia,argentea,,,,,,,,,,,
,,,,,Animalia,Cnidaria,,Anthozoa,Octocorallia,Alcyonacea,Xeniidae,Anthelia,,,,,,,,,,,,
,,42020,,802,Animalia,Cnidaria,,Anthozoa,Octocorallia,Pennatulacea,Anthoptilidae,Anthoptilum,grandiflorum,,Feather-boa sea pen,,,,,Anthoptilum grandiflorum,,,,
,,,,,Animalia,Cnidaria,,Anthozoa,Octocorallia,Pennatulacea,Anthoptilidae,Anthoptilum,lithophilum,,,,,,,,,,,
,,,,,Animalia,Cnidaria,,Anthozoa,Octocorallia,Pennatulacea,Anthoptilidae,Anthoptilum,,,,,,,,,,,,
,,,,,Animalia,Cnidaria,,Anthozoa,Octocorallia,Pennatulacea,Funiculinidae,Funiculina,armata,,,,,,,,,,,
,,,,,Animalia,Cnidaria,,Anthozoa,Octocorallia,Pennatulacea,Funiculinidae,Funiculina,parkeri,,,,,,,,,,,
,,,142085,,Animalia,Cnidaria,,Anthozoa,Octocorallia,Pennatulacea,Funiculinidae,Funiculina,quadrangularis,,,,,,,,,,,
,,,,742,Animalia,Cnidaria,,Anthozoa,Octocorallia,Pennatulacea,Funiculinidae,Funiculina,,,Unknown sea pen,,,,,Funiculina spp.,,,,
,,42013,,809,Animalia,Cnidaria,,Anthozoa,Octocorallia,Pennatulacea,Halipteridae,Halipteris,californica,,,,,,,,,,,
,,42012,,502,Animalia,Cnidaria,,Anthozoa,Octocorallia,Pennatulacea,Halipteridae,Halipteris,willemoesi,,,,,,,,,,,
,,42008,,,Animalia,Cnidaria,,Anthozoa,Octocorallia,Pennatulacea,Halipteridae,Halipteris,,,giant sea whip,,,,,Halipteris spp.,,,,
,,,,,Animalia,Cnidaria,,Anthozoa,Octocorallia,Pennatulacea,Kophobelemnidae,,,,,,,,,,,,,
,,42018,142019,814,Animalia,Cnidaria,,Anthozoa,Octocorallia,Pennatulacea,Pennatulidae,Pennatula,phosphorea,,Phosphorescent sea pen,,,,,Pennatula phosphorea,,,,
,,42017,,255,Animalia,Cnidaria,,Anthozoa,Octocorallia,Pennatulacea,Pennatulidae,Ptilosarcus,gurneyi,,Fleshy seapen,,,,,,,,,
,,,142025,,Animalia,Cnidaria,,Anthozoa,Octocorallia,Pennatulacea,Protoptilidae,Distichoptilum,gracile,,,,,,,,,,,
,,,,,Animalia,Cnidaria,,Anthozoa,Octocorallia,Pennatulacea,Protoptilidae,Distichoptilum,rigidum,,,,,,,,,,,
,,,,,Animalia,Cnidaria,,Anthozoa,Octocorallia,Pennatulacea,Protoptilidae,Distichoptilum,,,,,,,,,,,,
,,,,,Animalia,Cnidaria,,Anthozoa,Octocorallia,Pennatulacea,Scleroptilidae,Scleroptilum,,,,,,,,,,,,
,,,142055,,Animalia,Cnidaria,,Anthozoa,Octocorallia,Pennatulacea,Stachyptilidae,Stachyptilum,superbum,,,,,,,,,,,
,,,,,Animalia,Cnidaria,,Anthozoa,Octocorallia,Pennatulacea,Umbellulidae,Umbellula,huxleyi,,,,,,,,,,,
,,42014,,512,Animalia,Cnidaria,,Anthozoa,Octocorallia,Pennatulacea,Umbellulidae,Umbellula,lindahli,,Flower sea pen,,,,,,,,,
,,,,,Animalia,Cnidaria,,Anthozoa,Octocorallia,Pennatulacea,Umbellulidae,Umbellula,magniflora,,,,,,,,,,,
,,42015,,,Animalia,Cnidaria,,Anthozoa,Octocorallia,Pennatulacea,Umbellulidae,Umbellula,,,,,,,,,,,,
,,,,,Animalia,Cnidaria,,Anthozoa,Octocorallia,Pennatulacea,Virgulariidae,Acanthoptilum,album,,,,,,,,,,,
,,,,,Animalia,Cnidaria,,Anthozoa,Octocorallia,Pennatulacea,Virgulariidae,Acanthoptilum,annulatum,,,,,,,,,,,
,,,142061,,Animalia,Cnidaria,,Anthozoa,Octocorallia,Pennatulacea,Virgulariidae,Acanthoptilum,gracile,,,,,,,,,,,
,,,,,Animalia,Cnidaria,,Anthozoa,Octocorallia,Pennatulacea,Virgulariidae,Acanthoptilum,scalpellifolium,,,,,,,,,,,
,,,,,Animalia,Cnidaria,,Anthozoa,Octocorallia,Pennatulacea,Virgulariidae,Acanthoptilum,,,,,,,,,,,,
,,42002,,502,Animalia,Cnidaria,,Anthozoa,Octocorallia,Pennatulacea,Virgulariidae,Stylatula,elongata,,,,,,,,,,,
,,42005,,,Animalia,Cnidaria,,Anthozoa,Octocorallia,Pennatulacea,Virgulariidae,Stylatula,gracilis,,,,,,,,,,,
,,,,,Animalia,Cnidaria,,Anthozoa,Octocorallia,Pennatulacea,Virgulariidae,Stylatula,,,,,,,,,,,,
,,,,,Animalia,Cnidaria,,Anthozoa,Octocorallia,Pennatulacea,Virgulariidae,Virgularia,agassizi,,,,,,,,,,,
,,,,,Animalia,Cnidaria,,Anthozoa,Octocorallia,Pennatulacea,Virgulariidae,Virgularia,bromleyi,,,,,,,,,,,
,,42001,,813,Animalia,Cnidaria,,Anthozoa,Octocorallia,Pennatulacea,Virgulariidae,Virgularia,,,,,,,,,,,,
,,42018,,,Animalia,Cnidaria,,Anthozoa,Octocorallia,Pennatulacea,Pennatulidae,,,,Deep-sea sea pen,,,,,Pennatula spp.,,,,
,,42000,,825,Animalia,Cnidaria,,Anthozoa,Octocorallia,Pennatulacea,,,,,Unknown sea pen,,Unknown sea pen,,,,,,,
,,41099,,,Animalia,Cnidaria,,Anthozoa,Octocorallia,,,,,,Unknown soft coral,,Unknown soft coral,,,,,,,
,,41000,,,Animalia,Cnidaria,,Anthozoa,,,,,,,Dead Coral,,Dead Anthozoa,,,,,,,
,,41000,,,Animalia,Cnidaria,,Anthozoa,,,,,,,Unknown coral,,Anthozoa,,,,,,,
,,44079,,,Animalia,Cnidaria,,Hydrozoa,Hydroidolina,Anthoathecata,Stylasteridae,Errinopora,pourtalesii,,,,,,,,,,,
,,,,,Animalia,Cnidaria,,Hydrozoa,Hydroidolina,Anthoathecata,Stylasteridae,Stylantheca,papillosa,,,,,,,,,,,
,,,244048,705/620,Animalia,Cnidaria,,Hydrozoa,Hydroidolina,Anthoathecata,Stylasteridae,Stylaster,californicus,,Stylaster hydrocoral,,,,,,,,,
,,44049,,752,Animalia,Cnidaria,,Hydrozoa,Hydroidolina,Anthoathecata,Stylasteridae,Stylaster,parageus,,,,,,,,,,,
,,44047,,,Animalia,Cnidaria,,Hydrozoa,Hydroidolina,Anthoathecata,Stylasteridae,Stylaster,venustus,,,,,,,,,,,
,,44031,,,Animalia,Cnidaria,,Hydrozoa,Hydroidolina,Anthoathecata,Stylasteridae,Stylaster,verrillii,,,,,,,,,,,
,,44030,,615/824,Animalia,Cnidaria,,Hydrozoa,Hydroidolina,Anthoathecata,Stylasteridae,Stylaster,,,Unidentified hydrocoral,,,,,,,,,
,,44028,,,Animalia,Cnidaria,,Hydrozoa,Hydroidolina,Anthoathecata,Stylasteridae,,,,,,,,,,,,,
,,95000,,737,Animalia,,,Bryozoa,,,,,,,bryozoan UNID,,,,,,,,,
,,99990,,720,Animalia,,,,,,,,,,,,INVERT UNID,,,INVERT UNID,,,,
,,43000,,830,Animalia,Cnidaria,,Anthozoa,Hexocorallia,Actinaria,,,,,,,anemone UNID,,,anemone UNID,,,,
,,43021,,16,Animalia,Cnidaria,,Anthozoa,Hexocorallia,,,Metridium,farcimen,,,,,,,Metridium farcimen,,,,
,,43005,,,Animalia,Cnidaria,,Anthozoa,Hexocorallia,,,Actinernus,,,,,lava anemone,,,lava anemone,,,,
,,43090,,260,Animalia,Cnidaria,,Anthozoa,Hexocorallia,,,Liponema,brevicornis,,,,pom pom anemone,,,Liponema brevicornis,,,,
,,43040,,,Animalia,Cnidaria,,Anthozoa,Hexocorallia,,,Urticina,,,,,,,,Urticina spp.,,,,
,,43200,,504,Animalia,Cnidaria,,Anthozoa,Hexocorallia,,Hormathiidae,,,,,,flytrap anemone,,,flytrap anemone,,,,
,,43200,,,Animalia,Cnidaria,,Anthozoa,Hexocorallia,,Hormathiidae,,,,,,,,,Hormathiidae,,,,
,,,,,Animalia,Cnidaria,,Anthozoa,Hexocorallia,,,,,,,,Tube anenome,,,Tube anenome,,,,
,,43009,,,Animalia,Cnidaria,,Anthozoa,Hexocorallia,,,Corallimorphus,,,,,club-tipped anemone,,,club-tipped anemone,,,,
,,78010,,101,Animalia,Mollusca,,Cephalopoda,Coleoidea,Octopoda,,,,,,,octopod UNID,,,octopod UNID,,,,
,,78403,,31,Animalia,Mollusca,,Cephalopoda,Coleoidea,Octopoda,,Enteroctopus,dofleini,,,,Giant Pacific Octopus,,,Giant Pacific Octopus,,,,
,,78210,,,Animalia,Mollusca,,Cephalopoda,Coleoidea,Octopoda,,Octopus,californicus,,,,CA octopus,,,CA octopus,,,,
,,,,,Animalia,Mollusca,,Cephalopoda,Coleoidea,Octopoda,,,,,,,Granelodone/Benthoctopus,,,Granelodone/Benthoctopus,,,,
,,79000,,503/735,Animalia,Mollusca,,Cephalopoda,,,,,,,,,squid UNID,,,squid UNID,,,,
,,79120,,,Animalia,Mollusca,,Cephalopoda,Coleoidea,Teuthida,Loliginidae,Loligo,opalescens,,,,,,,Loligo opalescens,,,,
,,78301,,,Animalia,Mollusca,,Cephalopoda,Coleoidea,Octopoda,Opisthoteuthidae,Opisthoteuthis ,californiana,,flapjack,,,,,,,,,
,,68000,,400,Animalia,Arthropoda,Crustacea,Malacostraca,,Decapoda,,,,,,,CRAB UNID,,,CRAB UNID,,,,
,,60270,,42,Animalia,Arthropoda,Crustacea,Malacostraca,,Decapoda,Lithodidae,Lopholithodes,foraminatus,,,,brown box crab,,,brown box crab,,,,
,,69550,169552,,Animalia,Arthropoda,Crustacea,Malacostraca,,Decapoda,Galatheidae,,,,,,galatheid crab,,,galatheid crab,,,,
,,68020,,828,Animalia,Arthropoda,Crustacea,Malacostraca,,Decapoda,Cancridae,Metacarcinus,magister,,,,Dungeness crab,,Cancer magister,Dungeness crab,,,,
,,,,257,Animalia,Arthropoda,Crustacea,Malacostraca,,Decapoda,Cancridae,Cancer,,,,,,,,Cancer spp.,,,,
,,68550,,,Animalia,Arthropoda,Crustacea,Malacostraca,,Decapoda,Oregoniidae,Chionoecetes,tanneri,,,,grooved Tanner crab,,,grooved Tanner crab,,,,
,,69300,,,Animalia,Arthropoda,Crustacea,Malacostraca,,Decapoda,Lithodidae,Lithodes,cousei,,,,,,,Lithodes cousei,,,,
,,68520,,414,Animalia,Arthropoda,Crustacea,Malacostraca,,Decapoda,Majidae,Chorillia,longipes,,,,,,,Chorillia longipes,,,,
,,69010,,,Animalia,Arthropoda,Crustacea,Malacostraca,,Decapoda,Paguridae,,,,,,Hermit Crab UNID,,,Hermit Crab UNID,,,,
,,69321,,,Animalia,Arthropoda,Crustacea,Malacostraca,,Decapoda,,Paralithodes,,,,,,,,Paralithodes spp.,,,,
,,,,,Animalia,Arthropoda,Crustacea,Malacostraca,,Decapoda,,Paralithodes,californiensis,,CA king crab,,,,,,,,,
,,69326,,,Animalia,Arthropoda,Crustacea,Malacostraca,,Decapoda,,Paralithodes,rathbuni,,Spiny king crab,,,,,Paralithodes rathbuni,,,,
,,66000,,,Animalia,Arthropoda,Crustacea,Malacostraca,,Decapoda,,,,,,,shrimp UNID,,,shrimp UNID,,,,
,,66040,,218,Animalia,Arthropoda,Crustacea,Malacostraca,,Decapoda,Pandalidae,Pandalus,platyceros,,,,spot prawn,,,spot prawn,,,,
,,68100,,415,Animalia,Arthropoda,Crustacea,Malacostraca,,Decapoda,Calappidae,Platymera,gaudichaudii,,,,armored box crab,,,,,,,
,,69331,,,Animalia,Arthropoda,Crustacea,Malacostraca,,Decapoda,,Paralomis,verilli,,,,,,,,,,,
,,,268015,,Animalia,Arthropoda,Crustacea,Malacostraca,,Decapoda,Cancridae,Cancer,anthonyi,,,,yellow rock crab,,,,,,,
,,68050,,,Animalia,Arthropoda,Crustacea,Malacostraca,,Decapoda,Cancridae,Cancer,productus,,,,red rock crab,,,,,,,
,,80000,,300,Animalia,Echinodermata,,Asteroidea,,,,,,,,,SEA STAR UNID,,,SEA STAR UNID,,,,
,,83000,,,Animalia,Echinodermata,,Ophiuroida,,,,,,,,,brittlestar UNID,,,brittlestar UNID,,,,
,,80728,,254,Animalia,Echinodermata,,Asteroidea,,Valvitida,Goniasteridae,Ceramaster,,,,,,,,Ceramaster spp.,,,,
,,81095,,58,Animalia,Echinodermata,,Asteroidea,,Spinulosida,Solasteridae,Crossaster,papposus,,,,,,,Crossaster papposus,,,,
,,80520,,96,Animalia,Echinodermata,,Asteroidea,,Spinulosida,Echinasteridae,Poraniopsis,inflata,,,,,,,Poraniopsis inflata,,,,
,,80120,,59,Animalia,Echinodermata,,Asteroidea,,Forcipulatida,Asteriidae,Rathbunaster,californicus,,,,,,,Rathbunaster californicus,,,,
,,80810,,85,Animalia,Echinodermata,,Asteroidea,,Paxillosida,Luidiidae,Luidia,folioata,,,,,,,Luidia foliolata,,,,
,,,,87,Animalia,Echinodermata,,Asteroidea,,Paxillosida,Luidiidae,Luidia,,,,,,,,,,,,
,,80710,,60,Animalia,Echinodermata,,Asteroidea,,Valvitida,Goniasteridae,Mediaster,aequalis,,,,,,,Mediaster aequalus,,,,
,,83020,,52,Animalia,Echinodermata,,Ophiuroida,,Phrynophiurida,Gorgonocephalidae,Gorgonocephalus,eucnemis,,,,basket star,,,basket star,,,,
,,80170,,,Animalia,Echinodermata,,Asteroidea,,Forcipulatida,Asteriidae,Stylasterias,forreri,,,,,,,Stylasterias spp.,,,,
,,,,114,Animalia,Echinodermata,,Asteroidea,,Forcipulatida,Asteriidae,Stylasterias,,,,,,,,,,,,
,,81370,,,Animalia,Echinodermata,,Asteroidea,,Paxillosida,Astropectinidae,Thrissacanthis,pencillatus,,,,,,,,,,,
,,80540,,62,Animalia,Echinodermata,,Asteroidea,,Spinulosida,Echinasteridae,Henricia,,,,,,,,Henricia spp.,,,,
,,81310,,106,Animalia,Echinodermata,,Asteroidea,,Spinulosida,Pterasteridae,Pteraster,,,,,,,,Pteraster spp.,,,,
,,80630,,61,Animalia,Echinodermata,,Asteroidea,,Valvitida,Goniasteridae,Hippasteria,,,,,,,,Hippasteria spp.,,,,
,,80160,,67,Animalia,Echinodermata,,Asteroidea,,Forcipulatida,Asteriidae,Pycnopodia,helianthoides,,,,,,,Pycnopodia spp.,,,,
,,81060,,82,Animalia,Echinodermata,,Asteroidea,,Spinulosida,Solasteridae,Solaster,,,,,,,,Solaster spp.,,,,
,,,,,Animalia,Echinodermata,,Asteroidea,,Spinulosida,Solasteridae,,,,,,Heterozonias/ Crossaster,,,Heterozonias/ Crossaster,,,,
,,82003,,,Animalia,Echinodermata,,Asteroidea,,Brisingida,Brisingidae,,,,,,Brisengella,,,Brisengella,,,,
,,82770,,51,Animalia,Echinodermata,,Crinoidea,,Comatulida,Antedinidae,Florometra,serratissima,,,,featherstar crinoid,,,Florometra serratissima,,,,
,,82500,,315,Animalia,Echinodermata,,Echnoidea,,,,,,,,,URCHIN UNID,,,URCHIN UNID,,,,
,,82530,,45,Animalia,Echinodermata,,Echnoidea,,Echnoida,Strongylocentrotidae,Strongylocentrotus,fragilis,,Allocentrotus fragilis,,,,,Strongylocentrotus fragilis,,,,
,,82660,,,Animalia,Echinodermata,,Echnoidea,,Spatangoida,Schizasteridae,Brisaster,,,,,,,,Brisaster spp.,,,,
,,85000,,837,Animalia,Echinodermata,,Holothuroidea,,,,,,,,,SEA CUCUMBER UNID,,,SEA CUCUMBER UNID,,,,
,,85015,,105,Animalia,Echinodermata,,Holothuroidea,,Aspidochirotida,Stichopodidae,Parastichopus,,,,,,,,Parastichopus spp.,,,,
,,85020,,48,Animalia,Echinodermata,,Holothuroidea,,Aspidochirotida,Stichopodidae,Apostichopus,californicus,,California sea cucumber,,,,,Parastichopus californicus,,,,
,,85016,,242,Animalia,Echinodermata,,Holothuroidea,,Aspidochirotida,Stichopodidae,Apostichopus,leukothele,,,,,,,Parastichopus leukothele,,,,
,,85270,,,Animalia,Echinodermata,,Holothuroidea,,Elasipodida,Laetmogonidae,Pannychia,moseleyi,,,,,,,Pannychia moselyi,,,,
,,85411,,,Animalia,Echinodermata,,Holothuroidea,,Elasipodida,Elpidiidae,Scotoplanes,,,,,,,,Scotoplanes spp.,,,,
,,85070,,,Animalia,Echinodermata,,Holothuroidea,,Aspidochirotida,Synallactidae,Pseudostichopus,mollis,,,,,,,Pseudostichopus spp.,,,,
,,85120,,,Animalia,Echinodermata,,Holothuroidea,,Molpadiida,Molpadiidae,Molpadia,intermedia,,,,purple sea potato,,,purple sea potato,,,,
,,85210,,240,Animalia,Echinodermata,,Holothuroidea,,Dendrochirotida,Psolidae,Psolus,,,,,,,,Psolus sp.,,,,
,,40500,,734,Animalia,Cnidaria,,,,Scyphozoa,,,,,,,unknown JELLY,,,unknown JELLY,,,,
,,98070,,2,Animalia,Chordata,,,,Salpida,,,,,salp UNID,,unknown SALP,,,unknown SALP,,,,
,,97116,,,Animalia,Brachiopoda,,Articulata,,Terebratulida,Laqueidae,Laqueus,californianus,,,,brachiopod,,,brachiopod,,,,
,,97000,,,Animalia,Brachiopoda,,Articulata,,Terebratulida,Laqueidae,,,,,,,,,,,,,
,,71500,,835,Animalia,Mollusca,,Gastropoda,,,,,,,,,SNAIL UNID,,,SNAIL UNID,,,,
,,71800,,,Animalia,Mollusca,,Gastropoda,Prosobranchia,Neoga
stropoda,Buccinidae,Neptunea,,,,,,,,Neptunea spp.,,,,
,,71291,,526,Animalia,Mollusca,,Gastropoda,Opisthobranchia,Notapsidea,Pleurobranchidae,Pleurobranchaea,californica,,CA sea slug,,Pleurobranchia ,,,,,,,
,,70130,,,Animalia,Mollusca,,Gastropoda,Opisthobranchia,Nudibranchia,Tritoniidae,Tritonia,diomedea,,rosy tritonia,,,,,,,,,
,,72520,,,Animalia,Mollusca,,Gastropoda,Prosobranchia,Archaeogastrropoda,Trochidae,Bathybembix,bairdii,,,,,,,,,,,
,,72500,,233,Animalia,Mollusca,,Gastropoda,,Neotaenioglossa,Ranellidae,Fusitriton,oregonensis,,,,,,,,,,,
,,,,,Animalia,Mollusca,,Bivalvia,,,,Acesta,sphoni,,Sphon's giant file clam,,,,,,,,,
,,85140,,,Animalia,,,,,,,Dromalia,alexandri,,pineapple benthic siphonophore,,,,,,,,,
,,98071,,,Animalia,Chordata,Urochordata,Thaliacea,,,,Pyrosoma,atlanticum,,pyrosome,,,,,,,,,
,,,198201,,Animalia,Chordata,Urochordata,Ascidiacea,,Pleurogena,,Halocynthia,igaboja,,spiny tunicate,,,,,,,,,
,,71010,,,Animalia,Mollusca,,,,Nudibranchia,,,,,Nudibranch UNID,,,,,,,,,
,,97000,,411,Animalia,Brachiopoda,,,,,,,,,brachiopod UNID,,,,,,,,,
,,98000,,517,Animalia,Chordata,Tunicata,Ascidiacea,,,,,,,,,,,,,,,,
,,30040,,,Animalia,,,,,Scorpaeniformes,Scorpaenidae,Sebastes,,,,,,,,ROCKFISH UNID,,,,
,,30630,,,Animalia,,,,,Scorpaeniformes,Scorpaenidae,Sebastes,,,,,,,,SEBASTOMUS UNID,,,,
,,30090,,,Animalia,,,,,Scorpaeniformes,Scorpaenidae,Sebastes,aurora,,,,,,,aurora RF,,,,
,,30575,,,Animalia,,,,,Scorpaeniformes,Scorpaenidae,Sebastes,rufus,,,,,,,bank RF,,,,
,,,,,Animalia,,,,,Scorpaeniformes,Scorpaenidae,Sebastes,,,,,,,,bank/blackgill,,,,
,,30330,,,Animalia,,,,,Scorpaeniformes,Scorpaenidae,Sebastes,melanops,,,,,,,black RF,,,,
,,30340,,,Animalia,,,,,Scorpaeniformes,Scorpaenidae,Sebastes,melanostomus,,,,,,,blackgill RF,,,,
,,,,,Animalia,,,,,Scorpaeniformes,Scorpaenidae,Sebastes,,,,,,,,Blue/ Deacon RF,,,,
,,30400,,,Animalia,,,,,Scorpaeniformes,Scorpaenidae,Sebastes,paucipinus,,,,,,,bocaccio,,,,
,,30080,,,Animalia,,,,,Scorpaeniformes,Scorpaenidae,Sebastes,auriculatus,,,,,,,brown RF,,,,
,,30410,,,Animalia,,,,,Scorpaeniformes,Scorpaenidae,Sebastes,pinniger,,,,,,,canary RF,,,,
,,30260,,,Animalia,,,,,Scorpaeniformes,Scorpaenidae,Sebastes,goodei,,,,,,,chilipepper,,,,
,,30120,,,Animalia,,,,,Scorpaeniformes,Scorpaenidae,Sebastes,caurinus,,,,,,,copper RF,,,,
,,30300,,,Animalia,,,,,Scorpaeniformes,Scorpaenidae,Sebastes,levis,,,,,,,cowcod RF,,,,
,,30170,,,Animalia,,,,,Scorpaeniformes,Scorpaenidae,Sebastes,crameri,,,,,,,darkblotched RF,,,,
,,,,,Animalia,,,,,Scorpaeniformes,Scorpaenidae,Sebastes,,,,,,,,DARK/STRIPE/SHARP,,,,
,,30480,,,Animalia,,,,,Scorpaeniformes,Scorpaenidae,Sebastes,rubrivinctus,,,,,,,flag RF,,,,
,,,,,Animalia,,,,,Scorpaeniformes,Scorpaenidae,Sebastes,,,,,,,,FLAG/REDBANDED,,,,
,,30611,,,Animalia,,,,,Scorpaeniformes,Scorpaenidae,Sebastes,rosenblatti,,,,,,,greenblotched RF,,,,
,,30130,,,Animalia,,,,,Scorpaeniformes,Scorpaenidae,Sebastes,chlorostictus,,,,,,,greenspotted RF,,,,
,,30200,,,Animalia,,,,,Scorpaeniformes,Scorpaenidae,Sebastes,elongatus,,,,,,,greenstriped RF,,,,
,,30500,,,Animalia,,,,,Scorpaeniformes,Scorpaenidae,Sebastes,semicintus,,,,,,,halfbanded RF,,,,
,,30045,,,Animalia,,,,,Scorpaeniformes,Scorpaenidae,Sebastes,umbrosus,,,,,,,honeycomb RF,,,,
,,,,,Animalia,,,,,Scorpaeniformes,Scorpaenidae,Sebastes,,,,,,,,juvenile RF UNID,,,,
,,30030,,,Animalia,,,,,Scorpaeniformes,Scorpaenidae,Sebastolobus,altivelis,,,,,,,longspine thornyhead,,,,
,,30510,,,Animalia,,,,,Scorpaeniformes,Scorpaenidae,Sebastes,serranoides,,,,,,,olive RF,,,,
,,30060,,,Animalia,,,,,Scorpaeniformes,Scorpaenidae,Sebastes,alutus,,,,,,,Pacific ocean perch,,,,
,,30230,,,Animalia,,,,,Scorpaeniformes,Scorpaenidae,Sebastes,eos,,,,,,,pink RF,,,,
,,,,,Animalia,,,,,Scorpaeniformes,Scorpaenidae,Sebastes,simulator,,,,,,,pinkrose RF,,,,
,,30550,,,Animalia,,,,,Scorpaeniformes,Scorpaenidae,Sebastes,wilsoni,,,,,,,pygmy RF,,,,
,,,,,Animalia,,,,,Scorpaeniformes,Scorpaenidae,Sebastes,,,,,,,,pygmy/Puget Sound,,,,
,,30320,,,Animalia,,,,,Scorpaeniformes,Scorpaenidae,Sebastes,maliger,,,,,,,quillback RF,,,,
,,30475,,,Animalia,,,,,Scorpaeniformes,Scorpaenidae,Sebastes,babcocki,,,,,,,redbanded RF,,,,
,,30430,,,Animalia,,,,,Scorpaeniformes,Scorpaenidae,Sebastes,proriger,,,,,,,redstripe RF,,,,
,,30270,,,Animalia,,,,,Scorpaeniformes,Scorpaenidae,Sebastes,helvomaculatus,,,,,,,rosethorn RF,,,,
,,30460,,,Animalia,,,,,Scorpaeniformes,Scorpaenidae,Sebastes,rosaceus,,,,,,,rosy RF,,,,
,,30100,,,Animalia,,,,,Scorpaeniformes,Scorpaenidae,Sebastes,brevispinis,,,,,,,silvergray RF,,,,
,,30560,,,Animalia,,,,,Scorpaeniformes,Scorpaenidae,Sebastes,zacentrus,,,,,,,sharpchin RF,,,,
,,30290,,,Animalia,,,,,Scorpaeniformes,Scorpaenidae,Sebastes,jordani,,,,,,,shortbelly RF,,,,
,,30020,,,Animalia,,,,,Scorpaeniformes,Scorpaenidae,Sebastolobus,alascanus,,,,,,,shortspine thornyhead,,,,
,,30390,,,Animalia,,,,,Scorpaeniformes,Scorpaenidae,Sebastes,ovalis,,,,,,,speckled RF,,,,
,,30190,,,Animalia,,,,,Scorpaeniformes,Scorpaenidae,Sebastes,diploproa,,,,,,,splitnose RF,,,,
,,,,,Animalia,,,,,Scorpaeniformes,Scorpaenidae,Sebastes,,,,,,,,splitnose/aurora,,,,
,,30280,,,Animalia,,,,,Scorpaeniformes,Scorpaenidae,Sebastes,hopkinsi,,,,,,,squarespot RF,,,,
,,30160,,,Animalia,,,,,Scorpaeniformes,Scorpaenidae,Sebastes,constellatus,,,,,,,starry RF,,,,
,,30490,,,Animalia,,,,,Scorpaeniformes,Scorpaenidae,Sebastes,saxicola,,,,,,,stripetail RF,,,,
,,,,,Animalia,,,,,Scorpaeniformes,Scorpaenidae,Sebastes,ensifer,,,,,,,swordspine RF,,,,
,,30010,,,Animalia,,,,,Scorpaeniformes,Scorpaenidae,Sebastolobus,,,,,,,,thornyhead UNID,,,,
,,30380,,,Animalia,,,,,Scorpaeniformes,Scorpaenidae,Sebastes,nigrocinctus,,,,,,,tiger RF,,,,
,,30525,,,Animalia,,,,,Scorpaeniformes,Scorpaenidae,Sebastes,serriceps,,,,,,,treefish,,,,
,,30350,,,Animalia,,,,,Scorpaeniformes,Scorpaenidae,Sebastes,miniatus,,,,,,,vermilion RF,,,,
,,,,,Animalia,,,,,Scorpaeniformes,Scorpaenidae,Sebastes,,,,,,,,vermilion/canary,,,,
,,30220,,,Animalia,,,,,Scorpaeniformes,Scorpaenidae,Sebastes,entomelas,,,,,,,widow RF,,,,
,,30470,,,Animalia,,,,,Scorpaeniformes,Scorpaenidae,Sebastes,ruberrimus,,,,,,,yelloweye RF,,,,
,,30240,,,Animalia,,,,,Scorpaeniformes,Scorpaenidae,Sebastes,flavidus,,,,,,,yellowtail RF,,,,
,,,,,Animalia,,,,,Scorpaeniformes,Scorpaenidae,Sebastes,,,,,,,Chilipepper/shortbelly,,,,,
,,30051,,,Animalia,,,,,Scorpaeniformes,Scorpaenidae,Sebastes,aleutianus,,,,,,rougheye RF,,,,,
,,31501,,,Animalia,,,,,Scorpaeniformes,Scorpaenidae,Scorpaena,guttata,,,,,,California scorpionfish,,,,,
,,10001,,,Animalia,,,,,Pleuronectiformes,,,,,,,,,,FLATFISH UNID,,,,
,,10110,,,Animalia,,,,,Pleuronectiformes,Pleuronectidae,Atheresthes,stomias,,,,,,,arrowtooth flounder,,,,
,,10041,,,Animalia,,,,,Pleuronectiformes,Bothidae,Hippoglossina,californicus,,,,,,,bigmouth sole,,,,
,,10270,,,Animalia,,,,,Pleuronectiformes,Pleuronectidae,Isopsetta,isolepis,,,,,,,butter sole,,,,
,,10280,,,Animalia,,,,,Pleuronectiformes,Pleuronectidae,Pleuronichthys,decurrens,,,,,,,curlfin sole,,,,
,,10190,,,Animalia,,,,,Pleuronectiformes,Pleuronectidae,Embassichthys,bathybius,,,,,,,deepsea sole,,,,
,,10180,,,Animalia,,,,,Pleuronectiformes,Pleuronectidae,Microstomus,pacificus,,,,,,,Dover sole,,,,
,,10170,,,Animalia,,,,,Pleuronectiformes,Pleuronectidae,Parophrys,vetulus,,,,,,,English sole,,,,
,,10130,,,Animalia,,,,,Pleuronectiformes,Pleuronectidae,Hippoglossoides,elassodon,,,,,,,flathead sole,,,,
,,10281,,,Animalia,,,,,Pleuronectiformes,Pleuronectidae,Pleuronichthys,verticalis,,,,,,,hornyhead turbot,,,,
,,10120,,,Animalia,,,,,Pleuronectiformes,Pleuronectidae,Hippoglossus,stenolepis,,,,,,,Pacific halibut,,,,
,,10010,,,Animalia,,,,,Pleuronectiformes,Bothidae,Citharichthys,sordidus,,,,,,,Pacific sanddab,,,,
,,10160,,,Animalia,,,,,Pleuronectiformes,Pleuronectidae,Eopsetta,jordani,,,,,,,petrale sole,,,,
,,,,,Animalia,,,,,Pleuronectiformes,Pleuronectidae,,,,,,,,,PETRALE/FLATHEAD,,,,
,,10200,,,Animalia,,,,,Pleuronectiformes,Pleuronectidae,Glyptocephalus,zachirus,,,,,,,rex sole,,,,
,,10008,,,Animalia,,,,,Pleuronectiformes,Bothidae,Citharichthys,,,,,,,,sanddab UNID,,,,
,,10250,,,Animalia,,,,,Pleuronectiformes,Pleuronectidae,Psettichthys,melanostictus,,,,,,,sand sole,,,,
,,10150,,,Animalia,,,,,Pleuronectiformes,Pleuronectidae,Lyopsetta,exilis,,,,,,,slender sole,,,,
,,10262,,,Animalia,,,,,Pleuronectiformes,Pleuronectidae,Lepidopsetta,bilineata,,,,,,,southern rock sole,,,,
,,10020,,,Animalia,,,,,Pleuronectiformes,Bothidae,Citharichthys,stigmaeus,,,,,,,speckled sanddab,,,,
,,10220,,,Animalia,,,,,Pleuronectiformes,Pleuronectidae,Platichthys,stellatus,,starry flounder,,,,,,,,,
,,400,,,Animalia,,,,,,Rajidae,,,,,,,,,SKATE UNID,,,,
,,401,,,Animalia,,,,,,Rajidae,,,,,,,,,skate Egg Case,,,,
,,420,,,Animalia,,,,,,Rajidae,Beringraja,binoculata,,,,,,,big skate,,,,
,,425,,,Animalia,,,,,,Rajidae,Raja,inornata,,,,,,,CA skate,,,,
,,610,,,Animalia,,,,,,,Torpedo,californica,,,,,,,CA torpedo ray,,,,
,,440,,,Animalia,,,,,,Rajidae,Raja,rhina,,,,,,,longnose skate,,,,
,,460,,,Animalia,,,,,,Rajidae,Bathyraja,trachura,,,,,,,roughtail skate,,,,
,,,,,Animalia,,,,,,Rajidae,Bathyraja,kincaidii,,,,,,,sandpaper skate,,,,
,,450,,,Animalia,,,,,,Rajidae,Raja,stellulata,,,,,,,starry skate,,,,
,,150,,,Animalia,,,,,,,,,,,,,,,shark UNID,,,,
,,210,,,Animalia,,,,,,Scyliorhinidae,Apristurus,brunneus,,,,,,,brown catshark,,,,
,,211,,,Animalia,,,,,,Scyliorhinidae,Parmaturus,xaniurus,,,,,,,filetail catshark,,,,
,,200,,,Animalia,,,,,,Scyliorhinidae,,,,,,,,,catshark UNID,,,,
,,310,,,Animalia,,,,,,,Squalus,suckleyi,,,,,,,spiny dogfish,,,,
,,320,,,Animalia,,,,,,,Somniosus,pacificus,,,,,,,Pacific sleeper shark,,,,
,,222,,,Animalia,,,,,,,Hexanchus,griseus,,,,,,,sixgill shark,,,,
,,710,,,Animalia,,,,,,,Hydrolagus,colliei,,,,,,,spotted ratfish,,,,
,,160,,,Animalia,,,,,,,,,,,,,,,elasmobranch egg case,,,,
,,3,,,Animalia,,,Osteichthys,,,,,,,,,,,,FISH UNID,,,,
,,21300,,,Animalia,,,Osteichthys,,,Cottidae,,,,,,,,,sculpin UNID,,,,
,,,,,Animalia,,,Osteichthys,,,,,,,,,,,,poacher/cottid,,,,
,,21310,,,Animalia,,,Osteichthys,,,Cottidae,Icelinus,filamentosus,,,,,,,threadfin sculpin,,,,
,,,,,Animalia,,,Osteichthys,,,Gobiidae,Rhinogobiops,nicholsii,,,,,,,blackeye goby,,,,
,,,,,Animalia,,,Osteichthys,,,,Zaniolepis,,,,,,,,combfish UNID,,,,
,,20000,,,Animalia,,,Osteichthys,,,Agonidae,,,,,,,,,poacher UNID,,,,
,,22200,,,Animalia,,,Osteichthys,,,Liparidae,,,,,,,,,snailfish UNID,,,,
,,22220,,,Animalia,,,Osteichthys,,,Liparidae,Careproctus,melanurus,,,,,,,blacktail snailfish,,,,
,,24100,,,Animalia,,,Osteichthys,,,Zoarcidae,,,,,,,,,eelpout UNID,,,,
,,24140,,,Animalia,,,Osteichthys,,,Zoarcidae,Lycodes,cortezianus,,,,,,,bigfin eelpout,,,,
,,24200,,,Animalia,,,Osteichthys,,,Zoarcidae,Lycodes,pacificus,,,,,,,blackbelly eelpout,,,,
,,24190,,,Animalia,,,Osteichthys,,,Zoarcidae,Lycodes,diapterus,,,,,,,black eelpout,,,,
,,,,,Animalia,,,Osteichthys,,,Zoarcidae,,,,,,,,,deepwater eelpout UNID,,,,
,,24130,,,Animalia,,,Osteichthys,,,Zoarcidae,Lycenchelys,crotalinus,,,,,,,snakehead eelpout,,,,
,,20900,,,Animalia,,,Osteichthys,,,Ophidiidae,,,,,,,,,cuskeel UNID,,,,
,,21200,,,Animalia,,,Osteichthys,,,Macrouridae,,,,,,,,,grenadier UNID,,,,
,,21230,,,Animalia,,,Osteichthys,,,Macrouridae,Coryphaenoides,pectoralis,,,,,,,giant grenadier,,,,
,,21220,,,Animalia,,,Osteichthys,,,Macrouridae,Coryphaenoides,acrolepis,,,,,,,Pacific grenadier,,,,
,,21731,,,Animalia,,,Osteichthys,,,Moridae,Antimora,microlepis,,,,,,,Pacific flatnose,,,,
,,21935,,,Animalia,,,Osteichthys,,,Hexagrammidae,Hexagrammus,decagrammus,,,,,,,kelp greenling,,,,
,,21915,,,Animalia,,,Osteichthys,,,Hexagrammidae,Oxylebius,pictus,,,,,,,painted greenling,,,,
,,21910,,,Animalia,,,Osteichthys,,,Hexagrammidae,Ophiodon,elongatus,,,,,,,lingcod,,,,
,,100,,,Animalia,,,Osteichthys,,,Myxinidae,,,,,,,,,hagfish unident,,,,
,,22502,,,Animalia,,,Osteichthys,,,,Merluccius,productus,,,,,,,Pacific hake,,,,
,,20510,,,Animalia,,,Osteichthys,,,,Anoplopoma,fimbria,,,,,,,sablefish,,,,
,,20100,,,Animalia,,,Osteichthys,,,Alepocephalidae,,,,,,,,,slickhead UNID,,,,
,,20614,,,Animalia,,,Osteichthys,,,Bathylagidae,,,,,,,,,Bathylagidae,,,,
,,20700,,,Animalia,,,Osteichthys,,,Bathymasteridae,,,,,,,,,ronquil UNID,,,,
,,20320,,,Animalia,,,Osteichthys,,,,Anarrhichthys,ocellatus,,,,,,,wolf-eel,,,,
,,,,,Animalia,,,Osteichthys,,,,,,,,,,,,fish Species A.,,,,
,,,,,Animalia,,,Osteichthys,,,,,,,,,,,,fish Species B.,,,,
,,21201,,,Animalia,,,Osteichthys,,,,Nezumia,stegidolepis,,California Grenadier,,,,,,,,,
,,20801,,,Animalia,,,Osteichthys,,,,Porichthys,notatus,,plainfin midshipman,,,,,,,,,
,,21522,,,,,,,,,,Zalembius,rosaceus,,pink surf perch,,,,,,,,,
,,21847,,,,,,,,,Stomiidae,,,,dragonfish,,,,,,,,,
,,24110,,,,,,,,,Zoarcidae,Bothrocara,brunneum,,twoline eelpout,,,,,,,,,
,,27051,,,,,,,,,Synodontidae,Synodus,lucioceps,,California lizardfish,,,,,,,,,
